<?xml version="1.0" encoding="UTF-8" ?>
<clientSet>
  <!-- Server's address and port. The address could be IP or Server's name.
	The default port of Red5 Server and Flash Media Server is 1935. If you changed it, please do relevant modification.
  -->
  <server url="{FLASHSERVER}" port="{SERVERPORT}" app="fpChat2" />

  <!-- Your home path -->
  <homePath value="http://www.flashpioneer.com" />

  <!-- help URL, The page will be opened when user click Help.-->

  <helpPath value="http://www.flashpioneer.com/help/Video%20Chat%20Documentation%7B28%7D" />

  <!--Register page is for new users. This configuring item works only when Romoting data interface is used in the chatting program. Its function is to integtat the existing register function on the website so to provide more convenient interface.
  -->
  <registerPath value="" />

	<!--Language setting
	Select the language displayed in interface, now we provide following languages:
	en - English
	zh-CN - Simplified Chinese

	The language package is in the directory of  <rootPath>/lang/
	You can also do translation according to the language package available in the directory. You should save the translation file in the name of language_***.xml into the directory of language package, and then select language.

	About how to set up the details of language package, please refer to help file and introduction on official site.
	If none language is selected, Client will automatically get the language information of user's operating system, and then to get relevant language package.

	If a language has been selected, then this language package will be loaded.
  -->
  <language value="en" >
  	<lang name = "English" value = "en"/>
  	<lang name = "简体中�? value = "zh-CN"/>
  	<lang name = "繁体中文" value = "zh-TW"/>
  </language>

  <!--
    Interface style file is in the directory of <rootPath>/themes/,and each style is a directory which named by this style.

	It provides following styles:
	default - default style, sky-blue mood
	silver - silver style
  -->
  <theme list="Default,Rosebrown,Grayblue,Silver" value="Silver" />

  <themeConsole list="Default" value="Default" />

   <!--
    Animation panel in chat tool
	enabled:  whether show the panel
	column: amount showed in each column
	autoPlay: whether play animation automatically

	You may add animation in the form of following format:
	<item name="Birthday" src="cartoon/movie/birthday.swf" thumb="cartoon/preview/birthday.png" duration="15"/>
	name: animation name
	src: animation path
	thumb: the path of abbreviated animation
	duration: playing duration
  -->
  <emotions enabled="true" autoPlay="false">
	<item name="Birthday" src="cartoon/movie/birthday.swf" thumb="cartoon/preview/birthday.png" duration="15"/>
	<item name="Boom" src="cartoon/movie/boom.swf" thumb="cartoon/preview/boom.png" duration="6"/>
	<item name="Bubble" src="cartoon/movie/bubble.swf" thumb="cartoon/preview/bubble.png" duration="7.5"/>
	<item name="Cry" src="cartoon/movie/cry.swf" thumb="cartoon/preview/cry.png" duration="5.4"/>
	<item name="Doggie" src="cartoon/movie/doggie.swf" thumb="cartoon/preview/doggie.png" duration="13"/>
	<item name="Greeting" src="cartoon/movie/greeting.swf" thumb="cartoon/preview/greeting.png" duration="7.4"/>
	<item name="Football" src="cartoon/movie/football.swf" thumb="cartoon/preview/football.png" duration="2.2"/>
	<item name="Bear" src="cartoon/movie/bear.swf" thumb="cartoon/preview/bear.png" duration="7.8"/>
	<item name="Exercise" src="cartoon/movie/exercise.swf" thumb="cartoon/preview/exercise.png" duration="4.5"/>
	<item name="Ghost" src="cartoon/movie/ghost.swf" thumb="cartoon/preview/ghost.png" duration="7"/>
	<item name="Gold coin" src="cartoon/movie/money.swf" thumb="cartoon/preview/money.png" duration="6"/>
	<item name="Wide-eyed" src="cartoon/movie/meetgirl.swf" thumb="cartoon/preview/meetgirl.png" duration="5.4"/>
	<item name="Rose" src="cartoon/movie/rose.swf" thumb="cartoon/preview/rose.png" duration="5"/>
	<item name="UFO" src="cartoon/movie/ufo.swf" thumb="cartoon/preview/ufo.png" duration="9"/>
	<item name="Cheers" src="cartoon/movie/cheers.swf" thumb="cartoon/preview/cheers.png" duration="4"/>
	<item name="Heart" src="cartoon/movie/brokenheart.swf" thumb="cartoon/preview/brokenheart.png" duration="5.5"/>
	<item name="Spit" src="cartoon/movie/spit.swf" thumb="cartoon/preview/spit.png" duration="10.5"/>
	<item name="Azrael" src="cartoon/movie/azrael.swf" thumb="cartoon/preview/azrael.png" duration="7.8"/>
	<item name="Jazz" src="cartoon/movie/cooldance.swf" thumb="cartoon/preview/cooldance.png" duration="11"/>
	<item name="Love" src="cartoon/movie/lover.swf" thumb="cartoon/preview/lover.png" duration="6"/>
  </emotions>

  <!--
    The shortcut message panel in chat tool
	enabled: whether to reveal the panel
  -->
  <preDefinedMsg enabled="true">
	  <msg value="I will come back soon."/>
	  <msg value="Wait a minute."/>
	  <msg value="Good morning!"/>
	  <msg value="Good afternoon!"/>
	  <msg value="Good evening!"/>
	  <msg value="See you!"/>
	  <msg value="Thank you!"/>
	  <msg value="Have a nice day!"/>
	  <msg value="That's very kind of you!"/>
	  <msg value="Sorry for delay."/>
	  <msg value="Thanks for your help."/>
	  <msg value="Thanks for your feedback."/>
	  <msg value="I will clarify your personal data."/>
	  <msg value="I see."/>
	  <msg value="Let's take a short break for lunch."/>
	  <msg value="I agree with you."/>
	  <msg value="I am afraid that l have to go."/>
	  <msg value="Let me see."/>
	  <msg value="Glad to hear that."/>
	  <msg value="Thank you for your advice."/>
	  <msg value="Would you like some help? "/>
	  <msg value="Great minds think alike."/>
	  <msg value="That's a good idea."/>
	  <msg value="I'll check it out."/>
	  <msg value="It sounds great!"/>
	  <msg value="Time is up."/>
	  <msg value="Hello, can I help you?"/>
	  <msg value="May I have your name and E-Mail address please?"/>
	  <msg value="Could you please give more detailed steps so that we can reproduce the problem on our side?"/>
	  <msg value="Wait a minute please; I am now checking the problem for you."/>
	  <msg value="I will send the relevant information to you via email; please remember to check your mailbox for it."/>
	  <msg value="My pleasure."/>
	  <msg value="If you have any questions on the details, feel free to ask. "/>
  </preDefinedMsg>

</clientSet>