﻿<?xml version="1.0" encoding="utf-8" ?> 
<services-config>
    <services>
		<!-- Alternatively include a file by reference and remove service section below-->
		<!-- 
		<service-include file-path="remoting-config.xml" /> 
		-->
		
        <service id="remoting-service" class="flex.messaging.services.RemotingService" messageTypes="flex.messaging.messages.RemotingMessage">
            <destination id="fluorine">
                <channels>
                    <channel ref="my-amf"/>
                </channels>
                <properties>
                    <source>*</source>
                </properties>
                
                <!-- The following example shows a security constraint that is referenced -->
                <!--
                <security>
					<security-constraint ref="privileged-users"/>
				</security>
                -->
                
                
                <!-- The following example shows shows a security constraint that is declared in a destination definition (inline) -->
                <!--
				<security>
					<security-constraint>
						<auth-method>Custom</auth-method>
						<roles>
							<role>admin</role>
							<role>privilegeduser</role>
						</roles>
					</security-constraint>
				</security>                
                -->
            </destination>
        </service>
    </services>
    
    <!-- Custom authentication -->
    <security>
		<!-- A security constraint requires that a user is authorized before accessing a destination.
		Here you can declare security constraints globally. When several destinations 
		use the same security settings, you should define one security constraint in the 
		security section of the services configuration file and refer to it in each destination. 				
		-->
		<!-- 
		<security-constraint id="privileged-users">
			<auth-method>Custom</auth-method>
			<roles>
				<role>admin</role>
				<role>privilegeduser</role>
			</roles>
		</security-constraint>    
		 -->

		<!--    
		Custom login command, to check a user's credentials and log a principal into the application server
		A login command must implement the com.TheSilentGroup.Fluorine.Messaging.Security.ILoginCommand interface
		or inherit from com.TheSilentGroup.Fluorine.Messaging.Security.GenericLoginCommand.
		
		You can use a login command without security constraints defined.
		-->
		<!-- 
		<login-command class="com.TheSilentGroup.Fluorine.Messaging.Security.GenericLoginCommand" server="asp.net"/>
		 -->
    </security>
    
    <channels>
        <channel-definition id="my-amf" class="mx.messaging.channels.AMFChannel">
            <endpoint uri="http://{server.name}:{server.port}/{context.root}/Gateway.aspx" class="flex.messaging.endpoints.AMFEndpoint"/>
            <properties>
				<!-- <legacy-collection>true</legacy-collection> -->
            </properties>
        </channel-definition>
        
        <channel-definition id="my-rtmp" class="mx.messaging.channels.RTMPChannel">
            <endpoint uri="rtmp://{server.name}:2037" class="flex.messaging.endpoints.RTMPEndpoint"/>
            <properties>
                <idle-timeout-minutes>20</idle-timeout-minutes>
            </properties>
        </channel-definition>
    </channels>
</services-config>